{
  "checklist.pdf": 1769470299.5043533,
  "horario_discente.pdf": 1769459309.9095366,
  "LEIA_ME.txt": 1769453043.8541372,
  "LISTA DE ASSISTIDOS.xlsx": 1769014438.3882935
}